pce_id,community_names,plant__name,plant__utility__name,plant__utility__regulatory_status__name,plant__utility__certificate,plant__utility__utility_type__name,plant__utility__eia_operator_id,plant__pce_status__name,plant__intertied,plant__akeps_region__abbreviation,plant__akeps_region__name,plant__eia_plant_id,year,month,season,utility_acronym,intertied,residential_rate,pce_rate,pro_rata_rate,effective_rate,pce_eligible_residential_kwh,pce_eligible_commercial_kwh,pce_eligible_community_kwh,pce_eligible_total_kwh,disbursement,fuel_price,fuel_used_gal,fuel_cost,nonfuel_expenses,diesel_efficiency,diesel_kwh_generated,hydro_kwh_generated,other_1_kwh_type,other_1_kwh_generated,other_2_kwh_type,other_2_kwh_generated,purchased_from,kwh_purchased,powerhouse_consumption_kwh,peak_consumption_kw,residential_kwh_sold,commercial_kwh_sold,community_kwh_sold,government_kwh_sold,unbilled_kwh,sales_for_resale_kwh_sold,residential_customers,commercial_customers,community_customers,government_customers,unbilled_customers,other_customers,other_customers_description,notes,imputed_residential_rate,imputed_pce_rate,imputed_pro_rata_rate,imputed_effective_rate,imputed_fuel_price,imputed_fuel_used_gal,imputed_fuel_cost,imputed_nonfuel_expenses,imputed_diesel_efficiency,imputed_diesel_kwh_generated,imputed_hydro_kwh_generated,imputed_powerhouse_consumption_kwh,imputed_peak_consumption_kw,imputed_residential_kwh_sold,imputed_commercial_kwh_sold,imputed_community_kwh_sold,imputed_government_kwh_sold,imputed_unbilled_kwh,imputed_sales_for_resale_kwh_sold,imputed_residential_customers,imputed_commercial_customers,imputed_community_customers,imputed_government_customers,imputed_unbilled_customers,imputed_other_customers
332540,Sand Point,Sand Point,TDX Corporation,Regulated,1,Private Electric Utility,,PCE Eligible Active,0,SW,Southwest,,2001,7,summer,TDXC,0,,0.2222,0.2044,,85708,0,42375,128083,26180.17,1.68,20790,34927,58917.69,13.67,284160,,,0,,0,,0,6634,580,109036,91693,42375,17025,,,289,186,23,14,0,0,, ,1,0,0,1,0,0,0,0,0,0,0,0,0,0,0,0,0,0,,0,0,0,0,0,0
332540,Sand Point,Sand Point,TDX Corporation,Regulated,1,Private Electric Utility,,PCE Eligible Active,0,SW,Southwest,,2001,8,summer,TDXC,0,,0.2285,0.2102,,88662,0,44076,132738,27901.53,1.63,22091,36641.18,61514.01,13.43,296640,,,0,,0,,0,6634,580,111168,93575,44076,18403,,,292,179,23,14,0,0,, ,1,0,0,1,0,0,0,0,0,0,0,0,0,0,0,0,0,0,,0,0,0,0,0,0
332540,Sand Point,Sand Point,TDX Corporation,Regulated,1,Private Electric Utility,,PCE Eligible Active,0,SW,Southwest,,2001,9,summer,TDXC,0,,0.2285,0.2102,,88219,0,46774,134993,28375.53,1.65,22314,35773.44,74075,14.03,312960,,,0,,0,,0,6881,580,109836,98729,46774,17990,,,300,181,23,16,0,0,, ,1,0,0,1,0,0,0,0,0,0,0,0,0,0,0,0,0,0,,0,0,0,0,0,0
332540,Sand Point,Sand Point,TDX Corporation,Regulated,1,Private Electric Utility,,PCE Eligible Active,0,SW,Southwest,,2001,10,winter,TDXC,0,,0.2285,0.2102,,87004,0,45983,132987,27953.87,1.65,22135,36522.75,65786,13.4,296640,,,0,,0,,0,6671,580,114775,99674,45983,19663,,,302,185,23,16,0,0,, ,1,0,0,1,0,0,0,0,0,0,0,0,0,0,0,0,0,0,,0,0,0,0,0,0
332540,Sand Point,Sand Point,TDX Corporation,Regulated,1,Private Electric Utility,,PCE Eligible Active,0,SW,Southwest,,2001,11,winter,TDXC,0,,0.1923,0.1769,,88132,0,48281,136413,24131.46,1.53,22655,36680.89,64468.26,15.35,347840,,,0,,0,,0,6856,580,120839,112335,48281,23589,,,300,178,24,16,0,0,, ,1,0,0,1,0,0,0,0,0,0,0,0,0,0,0,0,0,0,,0,0,0,0,0,0
332540,Sand Point,Sand Point,TDX Corporation,Regulated,1,Private Electric Utility,,PCE Eligible Active,0,SW,Southwest,,2001,12,winter,TDXC,0,,0.1923,0.1769,,89228,0,51840,141068,24954.93,1.59,26944,42196.52,69610,13.31,358720,,,0,,0,,0,6856,580,131864,119039,51840,25493,,,288,175,24,16,0,0,, ,1,0,0,1,0,0,0,0,0,0,0,0,0,0,0,0,0,0,,0,0,0,0,0,0
332540,Sand Point,Sand Point,TDX Corporation,Regulated,1,Private Electric Utility,,PCE Eligible Active,0,SW,Southwest,,2002,1,winter,TDXC,0,,0.1923,0.1769,,91100,0,53035,144135,25497.48,1.52,24977,38879.1,65774,14.22,355200,,,0,,0,,0,6807,580,132238,112535,53035,21297,,,289,173,24,16,0,0,, ,1,0,0,1,0,0,0,0,0,0,0,0,0,0,0,0,0,0,,0,0,0,0,0,0
332540,Sand Point,Sand Point,TDX Corporation,Regulated,1,Private Electric Utility,,PCE Eligible Active,0,SW,Southwest,,2002,2,winter,TDXC,0,,0.1918,0.1534,,89407,0,53453,142860,21914.72,1.37,25093,37440,64216,13.81,346560,,,0,,0,,0,6521,580,127644,105233,53453,22811,,,286,163,23,16,0,0,, ,1,0,0,1,0,0,0,0,0,0,0,0,0,0,0,0,0,0,,0,0,0,0,0,0
332540,Sand Point,Sand Point,TDX Corporation,Regulated,1,Private Electric Utility,,PCE Eligible Active,0,SW,Southwest,,2002,3,winter,TDXC,0,,0.1918,0.1534,,82161,0,44590,126751,19443.6,1.44,20000,27549.4,58684.91,13.82,276480,,,0,,0,,0,5608,580,102465,86720,44590,17824,,,285,161,23,16,0,0,, ,1,0,0,1,0,0,0,0,0,0,0,0,0,0,0,0,0,0,,0,0,0,0,0,0
332540,Sand Point,Sand Point,TDX Corporation,Regulated,1,Private Electric Utility,,PCE Eligible Active,0,SW,Southwest,,2002,4,summer,TDXC,0,,0.1918,0.1534,,90268,0,53836,144104,22105.55,1.44,23948,33925.96,60738.4,14.35,343680,,,0,,0,,0,7683,560,127643,115907,53836,24279,,,298,165,23,16,0,0,, ,1,0,0,1,0,0,0,0,0,0,0,0,0,0,0,0,0,0,,0,0,0,0,0,0
332540,Sand Point,Sand Point,TDX Corporation,Regulated,1,Private Electric Utility,,PCE Eligible Active,0,SW,Southwest,,2002,5,summer,TDXC,0,,0.1878,0.1502,,82628,0,41409,124037,18630.36,1.49,19809,28813.41,62307.02,13.67,270720,,,0,,0,,0,5974,560,99457,82311,41409,17368,,,293,165,23,16,0,0,, ,1,0,0,1,0,0,0,0,0,0,0,0,0,0,0,0,0,0,,0,0,0,0,0,0
332540,Sand Point,Sand Point,TDX Corporation,Regulated,1,Private Electric Utility,,PCE Eligible Active,0,SW,Southwest,,2002,6,summer,TDXC,0,0.3358,0.1878,0.1239,0.2119,87608,0,42848,130456,16163.5,1.49,20191,30084.59,54439.56,14.07,284160,,,0,,0,,0,7884,550,113577,85553,42848,17801,,,293,165,23,16,0,0,, ,0,0,0,0,0,0,0,0,0,0,0,0,0,0,0,0,0,0,,0,0,0,0,0,0
332540,Sand Point,Sand Point,TDX Corporation,Regulated,1,Private Electric Utility,,PCE Eligible Active,0,SW,Southwest,,2002,7,summer,TDXC,0,0.3358,0.1878,0.1578,0.2119,83796,0,40041,123837,19541.48,1.44,20000,29800,60125.98,13.39,267840,,,0,,0,,0,5636,530,103673,79524,40041,19740,,,305,183,23,20,0,0,, ,1,0,0,1,0,0,0,0,0,0,0,0,0,0,0,0,0,0,,0,0,0,0,0,0
332540,Sand Point,Sand Point,TDX Corporation,Regulated,1,Private Electric Utility,,PCE Eligible Active,0,SW,Southwest,,2002,8,summer,TDXC,0,0.3358,0.1878,0.1578,0.2119,86631,0,41738,128369,20256.59,1.49,20000,29800,60864.59,14.35,287040,,,0,,0,,0,6690,550,112544,86250,41738,19956,,,300,181,23,20,0,0,, ,1,0,0,1,0,0,0,0,0,0,0,0,0,0,0,0,0,0,,0,0,0,0,0,0
332540,Sand Point,Sand Point,TDX Corporation,Regulated,1,Private Electric Utility,,PCE Eligible Active,0,SW,Southwest,,2002,9,summer,TDXC,0,0.3358,0.1915,0.1609,0.2119,84301,0,43604,127905,20579.91,1.49,21646,32252.54,74280.3,13.35,288960,,,0,,0,,0,6690,550,106023,95662,43604,17831,,,295,182,23,19,0,0,, ,1,0,0,1,0,0,0,0,0,0,0,0,0,0,0,0,0,0,,0,0,0,0,0,0
332540,Sand Point,Sand Point,TDX Corporation,Regulated,1,Private Electric Utility,,PCE Eligible Active,0,SW,Southwest,,2002,10,winter,TDXC,0,0.3358,0.1918,0.1534,0.2119,84075,0,45945,130020,20919.09,1.6,22027,33729.88,60864.59,13.55,298560,,,0,,0,,0,6690,550,106545,98335,45945,18743,,,297,187,23,20,0,0,, ,1,0,0,1,0,0,0,0,0,0,0,0,0,0,0,0,0,0,,0,0,0,0,0,0
332540,Sand Point,Sand Point,TDX Corporation,Regulated,1,Private Electric Utility,,PCE Eligible Active,0,SW,Southwest,,2002,11,winter,TDXC,0,0.3358,0.2021,0.1698,0.2119,87907,0,48584,136491,23176.17,1.6,23539,37662.4,61448.43,14.31,336960,,,0,,0,,0,7491,620,127491,116441,48584,21926,,,292,181,22,20,0,0,, ,1,0,0,1,0,0,0,0,0,0,0,0,0,0,0,0,0,0,,0,0,0,0,0,0
332540,Sand Point,Sand Point,TDX Corporation,Regulated,1,Private Electric Utility,,PCE Eligible Active,0,SW,Southwest,,2002,12,winter,TDXC,0,0.3358,0.2021,0.1698,0.2119,86117,0,47229,133346,22642.15,1.6,26414,42442.4,60594.36,12.67,334603,,,0,,0,,0,8200,680,124375,116068,47229,24306,,,288,178,22,20,0,0,, ,1,0,0,1,0,0,0,0,0,0,0,0,0,0,0,0,0,0,,0,0,0,0,0,0
332540,Sand Point,Sand Point,TDX Corporation,Regulated,1,Private Electric Utility,,PCE Eligible Active,0,SW,Southwest,,2003,1,winter,TDXC,0,0.349,0.2021,0.1698,0.1792,88338,0,49122,137460,23340.71,1.6,24485,39176.64,56114.65,14.13,346075,,,0,,0,,0,4635,640,128202,107649,49122,22249,,,289,174,22,20,0,0,, ,0,0,0,0,0,0,0,0,0,0,0,0,0,0,0,0,0,0,,0,0,0,0,0,0
332540,Sand Point,Sand Point,TDX Corporation,Regulated,1,Private Electric Utility,,PCE Eligible Active,0,SW,Southwest,,2003,2,winter,TDXC,0,0.349,0.2119,0.178,0.1792,86822,0,48730,135552,24128.26,1.6,24485,39176.64,54530.31,12.63,309280,,,0,,0,,0,3410,600,120674,98538,48730,20633,,,287,172,22,20,0,0,, ,1,0,0,1,0,0,0,0,0,0,0,0,0,0,0,0,0,0,,0,0,0,0,0,0
332540,Sand Point,Sand Point,TDX Corporation,Regulated,1,Private Electric Utility,,PCE Eligible Active,0,SW,Southwest,,2003,3,winter,TDXC,0,0.3612,0.2119,0.1907,0.1705,84166,0,47600,131766,25127.78,1.85,20885,34034.3,62028.38,14.26,297850,,,0,,0,,0,5250,620,109716,94657,47600,21513,,,286,170,22,20,0,0,, ,0,0,0,0,0,0,0,0,0,0,0,0,0,0,0,0,0,0,,0,0,0,0,0,0
332540,Sand Point,Sand Point,TDX Corporation,Regulated,1,Private Electric Utility,,PCE Eligible Active,0,SW,Southwest,,2003,4,summer,TDXC,0,0.3612,0.2119,0.1907,0.1705,84909,0,46657,131566,25089.64,1.85,22553,40885.25,63866.96,13.84,312100,,,0,,0,,0,5250,560,110044,106458,46657,21903,,,292,172,22,20,0,0,, ,1,0,0,1,0,0,0,0,0,0,0,0,0,0,0,0,0,0,,0,0,0,0,0,0
332540,Sand Point,Sand Point,TDX Corporation,Regulated,1,Private Electric Utility,,PCE Eligible Active,0,SW,Southwest,,2003,5,summer,TDXC,0,0.3741,0.2246,0.2021,0.172,88267,0,46269,134536,27189.73,1.19,21347,39491.95,38395.8,13.62,290700,,,0,,0,,0,5974,550,114729,112367,46269,22818,,,299,177,22,20,0,0,, ,0,0,0,0,0,0,0,0,0,0,0,0,0,0,0,0,0,0,,0,0,0,0,0,0
332540,Sand Point,Sand Point,TDX Corporation,Regulated,1,Private Electric Utility,,PCE Eligible Active,0,SW,Southwest,,2003,6,summer,TDXC,0,0.3741,0.2246,0.2066,0.1675,90007,0,44368,134375,27761.93,1.75,21256,38395.8,65297.21,13.59,288800,,,0,,0,,0,6300,550,115612,94480,44368,18583,,,304,181,22,20,0,0,, ,0,0,0,0,0,0,0,0,0,0,0,0,0,0,0,0,0,0,,0,0,0,0,0,0
332540,Sand Point,Sand Point,TDX Corporation,Regulated,1,Private Electric Utility,,PCE Eligible Active,0,SW,Southwest,,2003,7,summer,TDXC,0,0.3762,0.2246,0.2066,0.1696,86323,0,42485,128808,26611.73,1.75,20055,35096.25,73580.77,13.44,269500,,,0,,0,,0,4000,500,109368,83882,42485,18215,,,305,176,22,20,0,0,, ,0,0,0,0,0,0,0,0,0,0,0,0,0,0,0,0,0,0,,0,0,0,0,0,0
332540,Sand Point,Sand Point,TDX Corporation,Regulated,1,Private Electric Utility,,PCE Eligible Active,0,SW,Southwest,,2003,8,summer,TDXC,0,0.3588,0.2246,0.2066,0.1522,90631,0,42857,133488,27578.62,1.75,20452,35791,73983.99,14.29,292300,,,0,,0,,0,5200,500,115630,95237,21447,39840,,,311,172,22,20,0,0,, ,0,0,0,0,0,0,0,0,0,0,0,0,0,0,0,0,0,0,,0,0,0,0,0,0
332540,Sand Point,Sand Point,TDX Corporation,Regulated,1,Private Electric Utility,,PCE Eligible Active,0,SW,Southwest,,2003,9,summer,TDXC,0,0.3588,0.2222,0.2044,0.1544,91062,0,45080,136142,27591.41,1.84,25957,45424.75,69495.74,12.84,333200,,,0,,0,,0,5100,620,119572,134281,45080,18457,,,313,171,22,20,0,0,, ,0,0,0,0,0,0,0,0,0,0,0,0,0,0,0,0,0,0,,0,0,0,0,0,0
332540,Sand Point,Sand Point,TDX Corporation,Regulated,1,Private Electric Utility,,PCE Eligible Active,0,SW,Southwest,,2003,10,winter,TDXC,0,0.3588,0.2154,0.1788,0.1544,85637,0,42334,127971,22233.9,1.84,25249,45786.61,53138.26,12.79,322900,,,0,,0,,0,6000,620,107692,129128,42334,17545,,,317,174,22,20,0,0,, ,1,0,0,1,0,0,0,0,0,0,0,0,0,0,0,0,0,0,,0,0,0,0,0,0
332540,Sand Point,Sand Point,TDX Corporation,Regulated,1,Private Electric Utility,,PCE Eligible Active,0,SW,Southwest,,2003,11,winter,TDXC,0,0.3393,0.2154,0.1788,0.1605,89270,0,47094,136364,23663.58,1.84,31728,58379.52,53029.14,11.81,374600,,,0,,0,,0,800,680,122326,158589,47094,25988,,,317,174,22,20,0,0,, ,0,0,0,0,0,0,0,0,0,0,0,0,0,0,0,0,0,0,,0,0,0,0,0,0
332540,Sand Point,Sand Point,TDX Corporation,Regulated,1,Private Electric Utility,,PCE Eligible Active,0,SW,Southwest,,2003,12,winter,TDXC,0,0.3533,0.2154,0.1788,0.1745,89028,0,45958,134986,23419.33,1.84,30019,55234.96,74851.88,12.7,381200,,,0,,0,,0,8000,705,122473,146644,45958,26073,,,306,169,22,22,0,0,, ,0,0,0,0,0,0,0,0,0,0,0,0,0,0,0,0,0,0,,0,0,0,0,0,0
332540,Sand Point,Sand Point,TDX Corporation,Regulated,1,Private Electric Utility,,PCE Eligible Active,0,SW,Southwest,,2004,1,winter,TDXC,0,0.3555,0.2168,0.1799,0.1756,89330,0,47295,136625,23866.58,1.84,22771,41898.64,53604.25,16.1,366700,,,0,,0,,0,7500,720,118521,136252,47295,21642,,,307,168,22,22,0,0,, ,0,0,0,0,0,0,0,0,0,0,0,0,0,0,0,0,0,0,,0,0,0,0,0,0
332540,Sand Point,Sand Point,TDX Corporation,Regulated,1,Private Electric Utility,,PCE Eligible Active,0,SW,Southwest,,2004,2,winter,TDXC,0,0.3527,0.2168,0.1799,0.1728,94068,0,52778,146846,25533.91,1.84,26437,48644.08,47185.2,14.2,375400,,,0,,0,,0,3000,700,144450,147639,52778,22791,,,308,165,22,22,0,0,, ,0,0,0,0,0,0,0,0,0,0,0,0,0,0,0,0,0,0,,0,0,0,0,0,0
332540,Sand Point,Sand Point,TDX Corporation,Regulated,1,Private Electric Utility,,PCE Eligible Active,0,SW,Southwest,,2004,3,winter,TDXC,0,0.3552,0.2168,0.1799,0.1753,88938,0,61209,150147,25658.94,1.94,24033,45719.22,62871.33,14.23,341954,,,0,,0,,0,6000,700,120196,144907,45209,18949,,,307,165,22,21,0,0,, ,0,0,0,0,0,0,0,0,0,0,0,0,0,0,0,0,0,0,,0,0,0,0,0,0
332540,Sand Point,Sand Point,TDX Corporation,Regulated,1,Private Electric Utility,,PCE Eligible Active,0,SW,Southwest,,2004,4,summer,TDXC,0,0.3449,0.2076,0.1557,0.1892,90415,0,33673,124088,18677.26,2.05,25354,50874.05,57901.96,13.98,354400,,,0,,0,,0,6000,700,124317,136551,49673,20424,,,299,164,24,21,0,0,, ,0,0,0,0,0,0,0,0,0,0,0,0,0,0,0,0,0,0,,0,0,0,0,0,0
332540,Sand Point,Sand Point,TDX Corporation,Regulated,1,Private Electric Utility,,PCE Eligible Active,0,SW,Southwest,,2004,5,summer,TDXC,0,0.3467,0.2076,0.1557,0.191,86737,0,45201,131938,19844.1,2.2,23424,48082.35,59356.84,13.72,321367,,,0,,0,,0,6200,620,112256,123399,45201,18929,,,310,171,22,21,0,0,, ,0,0,0,0,0,0,0,0,0,0,0,0,0,0,0,0,0,0,,0,0,0,0,0,0
332540,Sand Point,Sand Point,TDX Corporation,Regulated,1,Private Electric Utility,,PCE Eligible Active,0,SW,Southwest,,2004,6,summer,TDXC,0,0.3311,0.2076,0.1308,0.2003,88452,0,42343,130795,16501,2.2,23987,51647.7,105727.02,13.62,326600,,,0,,0,,0,6000,600,117491,115943,42343,19294,,,310,171,22,21,0,0,, ,0,0,0,0,0,0,0,0,0,0,0,0,0,0,0,0,0,0,,0,0,0,0,0,0
332540,Sand Point,Sand Point,TDX Corporation,Regulated,1,Private Electric Utility,,PCE Eligible Active,0,SW,Southwest,,2004,7,summer,TDXC,0,0.3311,0.2076,0.1682,0.1629,86230,0,39606,125836,20426.07,2.15,23539,44205.75,55398.23,13.34,314000,,,0,,0,,0,6000,6000,111367,107984,39606,16003,,,311,178,22,21,0,0,, ,0,0,0,0,0,0,0,0,0,0,0,0,0,0,0,0,0,0,,0,0,0,0,0,0
332540,Sand Point,Sand Point,TDX Corporation,Regulated,1,Private Electric Utility,,PCE Eligible Active,0,SW,Southwest,,2004,8,summer,TDXC,0,0.398,0.2597,0.2089,0.1891,92136,0,47629,139765,28345,2.2,23051,50026.65,56324.99,13.99,322400,,,0,,0,,0,6000,620,127215,118094,47629,19785,,,320,181,23,21,0,0,, ,0,0,0,0,0,0,0,0,0,0,0,0,0,0,0,0,0,0,,0,0,0,0,0,0
332540,Sand Point,Sand Point,TDX Corporation,Regulated,1,Private Electric Utility,,PCE Eligible Active,0,SW,Southwest,,2004,9,summer,TDXC,0,0.3841,0.2579,0.196,0.1881,90615,0,43748,134363,25609.09,2.2,23685,52107,44031.2,13.98,331200,,,0,,0,,0,6200,600,118436,121504,43748,18635,,,318,181,22,21,0,0,, ,0,0,0,0,0,0,0,0,0,0,0,0,0,0,0,0,0,0,,0,0,0,0,0,0
332540,Sand Point,Sand Point,TDX Corporation,Regulated,1,Private Electric Utility,,PCE Eligible Active,0,SW,Southwest,,2004,10,winter,TDXC,0,0.4165,0.2764,0.2101,0.2064,88752,0,40396,129148,26519.14,2.38,24390,54992.7,62725.38,13.87,338200,,,0,,0,,0,6500,600,113824,130656,40396,18652,,,319,191,22,22,0,0,, ,0,0,0,0,0,0,0,0,0,0,0,0,0,0,0,0,0,0,,0,0,0,0,0,0
332540,Sand Point,Sand Point,TDX Corporation,Regulated,1,Private Electric Utility,,PCE Eligible Active,0,SW,Southwest,,2004,11,winter,TDXC,0,0.4165,0.2764,0.2101,0.2064,91014,0,42810,133824,27578.57,2.38,26508,63089.04,57153.93,14.13,374600,,,0,,0,,0,6500,660,128161,150503,42810,24503,,,315,190,22,23,0,0,, ,0,0,0,0,0,0,0,0,0,0,0,0,0,0,0,0,0,0,,0,0,0,0,0,0
332540,Sand Point,Sand Point,TDX Corporation,Regulated,1,Private Electric Utility,,PCE Eligible Active,0,SW,Southwest,,2004,12,winter,TDXC,0,0.4169,0.2764,0.2101,0.2068,90757,0,39552,130309,26870.23,2.38,26674,63484.12,76976.28,14.18,378350,,,0,,0,,0,7000,700,133408,139042,39552,27961,,,278,163,20,20,0,0,, ,0,0,0,0,0,0,0,0,0,0,0,0,0,0,0,0,0,0,,0,0,0,0,0,0
332540,Sand Point,Sand Point,TDX Corporation,Regulated,1,Private Electric Utility,,PCE Eligible Active,0,SW,Southwest,,2005,1,winter,TDXC,0,0.4128,0.2764,0.2101,0.2027,93935,0,43993,137928,28405.63,2.38,26720,63593.6,45269.52,14.11,377000,,,0,,0,,0,6500,700,137295,138838,43993,27925,,,264,160,21,20,0,0,, ,0,0,0,0,0,0,0,0,0,0,0,0,0,0,0,0,0,0,,0,0,0,0,0,0
332540,Sand Point,Sand Point,TDX Corporation,Regulated,1,Private Electric Utility,,PCE Eligible Active,0,SW,Southwest,,2005,2,winter,TDXC,0,0.4136,0.2346,0.1525,0.2611,93926,0,47264,141190,20961.27,2.43,26720,63593.6,65269.9,13.67,365200,,,0,,0,,0,6500,700,136434,137850,47264,23318,,,264,160,21,20,0,0,, ,0,0,0,0,0,0,0,0,0,0,0,0,0,0,0,0,0,0,,0,0,0,0,0,0
332540,Sand Point,Sand Point,TDX Corporation,Regulated,1,Private Electric Utility,,PCE Eligible Active,0,SW,Southwest,,2005,3,winter,TDXC,0,0.3738,0.2346,0.1525,0.2213,90956,0,38929,129885,19332.21,2.51,24316,59873.74,67093.48,14.14,343850,,,0,,0,,0,6500,700,121746,129487,38929,34004,,,264,162,22,22,0,0,, ,0,0,0,0,0,0,0,0,0,0,0,0,0,0,0,0,0,0,,0,0,0,0,0,0
332540,Sand Point,Sand Point,TDX Corporation,Regulated,1,Private Electric Utility,,PCE Eligible Active,0,SW,Southwest,,2005,4,summer,TDXC,0,0.3761,0.2346,0.1525,0.2236,94141,0,47574,141715,20983.47,2.56,26605,67423.7,48957.05,13.9,369900,,,0,,0,,0,6500,680,135112,151601,47574,23211,,,274,165,22,20,0,0,, ,0,0,0,0,0,0,0,0,0,0,0,0,0,0,0,0,0,0,,0,0,0,0,0,0
332540,Sand Point,Sand Point,TDX Corporation,Regulated,1,Private Electric Utility,,PCE Eligible Active,0,SW,Southwest,,2005,5,summer,TDXC,0,0.3997,0.2572,0.1672,0.2325,88422,0,38787,127209,20762.08,2.56,24512,62750.72,55920.47,13.98,342800,,,0,,0,,0,6500,640,116878,125667,38787,19000,,,268,177,22,20,0,0,, ,0,0,0,0,0,0,0,0,0,0,0,0,0,0,0,0,0,0,,0,0,0,0,0,0
332540,Sand Point,Sand Point,TDX Corporation,Regulated,1,Private Electric Utility,,PCE Eligible Active,0,SW,Southwest,,2005,6,summer,TDXC,0,0.3996,0.2571,0.162,0.2376,91801,0,37875,129676,20502.48,2.56,23864,61091.84,59380.5,13.55,323400,,,0,,0,,0,6200,600,124350,124318,37875,18320,,,268,177,22,20,0,0,, ,0,0,0,0,0,0,0,0,0,0,0,0,0,0,0,0,0,0,,0,0,0,0,0,0
332540,Sand Point,Sand Point,TDX Corporation,Regulated,1,Private Electric Utility,,PCE Eligible Active,0,SW,Southwest,,2005,7,summer,TDXC,0,0.3987,0.2572,0.2083,0.1904,89661,0,36060,125721,25563.47,2.56,23782,60881.92,83518,13.22,314500,,,0,,0,,0,7700,590,116292,119250,17701,37254,,,275,169,22,20,0,0,, ,0,0,0,0,0,0,0,0,0,0,0,0,0,0,0,0,0,0,,0,0,0,0,0,0
332540,Sand Point,Sand Point,TDX Corporation,Regulated,1,Private Electric Utility,,PCE Eligible Active,0,SW,Southwest,,2005,8,summer,TDXC,0,0.4248,0.2816,0.2281,0.1967,92432,0,37981,130413,29180.66,2.74,24572,62904.32,61022,13.3,326800,,,0,,0,,0,6000,581,124862,125651,37981,20102,,,282,167,22,20,0,0,, ,0,0,0,0,0,0,0,0,0,0,0,0,0,0,0,0,0,0,,0,0,0,0,0,0
332540,Sand Point,Sand Point,TDX Corporation,Regulated,1,Private Electric Utility,,PCE Eligible Active,0,SW,Southwest,,2005,9,summer,TDXC,0,0.4041,0.2816,0.2281,0.176,90265,0,35569,125834,28175.36,2.87,23709,64872.15,96337.46,13.93,330200,,,0,,0,,0,6000,580,114948,123106,35569,17590,,,285,167,22,20,0,0,, ,0,0,0,0,0,0,0,0,0,0,0,0,0,0,0,0,0,0,,0,0,0,0,0,0
332540,Sand Point,Sand Point,TDX Corporation,Regulated,1,Private Electric Utility,,PCE Eligible Active,0,SW,Southwest,,2005,10,winter,TDXC,0,0.4201,0.2816,0.2281,0.192,90327,0,38039,128366,28754.63,3.09,24381,71395.11,60558.89,13.83,337200,,,0,,0,,0,6800,600,120800,126429,38039,23249,,,274,164,22,20,0,0,, ,0,0,0,0,0,0,0,0,0,0,0,0,0,0,0,0,0,0,,0,0,0,0,0,0
332540,Sand Point,Sand Point,TDX Corporation,Regulated,1,Private Electric Utility,,PCE Eligible Active,0,SW,Southwest,,2005,11,winter,TDXC,0,0.4221,0.2816,0.2196,0.2025,91515,0,43148,134663,29049.86,3.09,27402,82000.02,50676.2,14.15,387700,,,0,,0,,0,6800,700,133035,138332,43148,25870,,,269,169,22,20,0,0,, ,0,0,0,0,0,0,0,0,0,0,0,0,0,0,0,0,0,0,,0,0,0,0,0,0
332540,Sand Point,Sand Point,TDX Corporation,Regulated,1,Private Electric Utility,,PCE Eligible Active,0,SW,Southwest,,2005,12,winter,TDXC,0,0.4597,0.2764,0.2156,0.2441,91448,0,44773,136221,29397.77,3.09,27302,84363.18,70307.54,13.91,379900,,,0,,0,,0,6800,700,141217,144782,44773,25934,,,269,169,22,20,0,0,, ,0,0,0,0,0,0,0,0,0,0,0,0,0,0,0,0,0,0,,0,0,0,0,0,0
332540,Sand Point,Sand Point,TDX Corporation,Regulated,1,Private Electric Utility,,PCE Eligible Active,0,SW,Southwest,,2006,1,winter,TDXC,0,0.4586,0.2764,0.2156,0.243,92456,0,50542,142998,30860.63,3.09,28481,88007.22,42248.76,14.09,401200,,,0,,0,,0,7000,720,141253,152610,50542,24806,,,265,163,22,20,0,0,, ,0,0,0,0,0,0,0,0,0,0,0,0,0,0,0,0,0,0,,0,0,0,0,0,0
332540,Sand Point,Sand Point,TDX Corporation,Regulated,1,Private Electric Utility,,PCE Eligible Active,0,SW,Southwest,,2006,2,winter,TDXC,0,0.4777,0.2944,0.2296,0.2481,92582,0,54158,146740,33741.02,3.09,28649,88525.41,48836.47,14.24,407900,,,0,,0,,0,7000,740,141253,152610,50542,24806,,,277,160,22,20,0,0,, ,0,0,0,0,0,0,0,0,0,0,0,0,0,0,0,0,0,0,,0,0,0,0,0,0
332540,Sand Point,Sand Point,TDX Corporation,Regulated,1,Private Electric Utility,,PCE Eligible Active,0,SW,Southwest,,2006,3,winter,TDXC,0,0.4816,0.2944,0.1943,0.2873,86993,0,41476,128469,24994.38,3.13,30113,93785.41,55262.38,11.75,353800,,,0,,0,,0,700,700,117069,131237,41476,21527,,,271,158,22,20,0,0,, ,0,0,0,0,0,0,0,0,0,0,0,0,0,0,0,0,0,0,,0,0,0,0,0,0
332540,Sand Point,Sand Point,TDX Corporation,Regulated,1,Private Electric Utility,,PCE Eligible Active,0,SW,Southwest,,2006,4,summer,TDXC,0,0.4772,0.2944,0.2944,0.1828,89044,0,56755,145799,42982.54,3.32,27276,85503.46,45622.15,13.86,378000,,,0,,0,,0,6400,680,127297,151883,56755,23241,,,272,164,22,20,0,0,, ,0,0,0,0,0,0,0,0,0,0,0,0,0,0,0,0,0,0,,0,0,0,0,0,0
332540,Sand Point,Sand Point,TDX Corporation,Regulated,1,Private Electric Utility,,PCE Eligible Active,0,SW,Southwest,,2006,5,summer,TDXC,0,0.4655,0.2944,0.2944,0.1711,90855,0,32206,123061,36287.32,3.32,21403,70412.39,57973.65,17.12,366400,,,0,,0,,0,7000,680,126973,144834,42206,21090,,,277,168,22,20,0,0,, ,0,0,0,0,0,0,0,0,0,0,0,0,0,0,0,0,0,0,,0,0,0,0,0,0
332540,Sand Point,Sand Point,TDX Corporation,Regulated,1,Private Electric Utility,,PCE Eligible Active,0,SW,Southwest,,2006,6,summer,TDXC,0,0.4676,0.2816,0.2816,0.186,91270,0,41301,132571,37332.05,3.32,23830,78853.25,155792.79,13.98,333200,,,0,,0,,0,7000,660,121422,117970,41301,19026,,,282,173,22,20,0,0,, ,0,0,0,0,0,0,0,0,0,0,0,0,0,0,0,0,0,0,,0,0,0,0,0,0
332540,Sand Point,Sand Point,TDX Corporation,Regulated,1,Private Electric Utility,,PCE Eligible Active,0,SW,Southwest,,2006,7,summer,TDXC,0,0.4676,0.2816,0.2816,0.186,91068,0,31512,122580,34518.51,3.4,23190,77919.2,95646.29,13.58,314900,,,0,,0,,0,6800,620,119625,115113,31512,20097,,,282,173,22,20,0,0,, ,0,0,0,0,0,0,0,0,0,0,0,0,0,0,0,0,0,0,,0,0,0,0,0,0
332540,Sand Point,Sand Point,TDX Corporation,Regulated,1,Private Electric Utility,,PCE Eligible Active,0,SW,Southwest,,2006,8,summer,TDXC,0,0.4676,0.2949,0.2949,0.1727,89633,0,31566,121199,35741.61,3.45,23739,81229.8,66135.15,13.4,318200,,,0,,0,,0,6800,620,111207,118511,31566,20294,,,289,173,22,20,0,0,, ,0,0,0,0,0,0,0,0,0,0,0,0,0,0,0,0,0,0,,0,0,0,0,0,0
332540,Sand Point,Sand Point,TDX Corporation,Regulated,1,Private Electric Utility,,PCE Eligible Active,0,SW,Southwest,,2006,9,summer,TDXC,0,0.4828,0.2949,0.2949,0.1879,92139,0,32774,124913,36836.85,3.51,24270,84158.34,1036.22,13.42,325800,,,0,,0,,0,9600,600,119599,126055,33578,18860,,,288,167,22,20,0,0,, ,0,0,0,0,0,0,0,0,0,0,0,0,0,0,0,0,0,0,,0,0,0,0,0,0
332540,Sand Point,Sand Point,TDX Corporation,Regulated,1,Private Electric Utility,,PCE Eligible Active,0,SW,Southwest,,2006,10,winter,TDXC,0,0.4676,0.2949,0.2949,0.1727,89662,0,33033,122695,36182.76,3.25,23392,81385.38,44438.07,13.87,324500,,,0,,0,,0,9600,600,113131,127547,33734,20744,,,279,167,22,20,0,0,, ,0,0,0,0,0,0,0,0,0,0,0,0,0,0,0,0,0,0,,0,0,0,0,0,0
332540,Sand Point,Sand Point,TDX Corporation,Regulated,1,Private Electric Utility,,PCE Eligible Active,0,SW,Southwest,,2006,11,winter,TDXC,0,0.4778,0.2949,0.2949,0.1829,94002,0,35853,129855,38294.24,3.25,26211,85633.6,38733.34,13.92,364900,,,0,,0,,0,10000,650,129349,148162,36632,24754,,,275,166,22,20,0,0,, ,0,0,0,0,0,0,0,0,0,0,0,0,0,0,0,0,0,0,,0,0,0,0,0,0
332540,Sand Point,Sand Point,TDX Corporation,Regulated,1,Private Electric Utility,,PCE Eligible Active,0,SW,Southwest,,2006,12,winter,TDXC,0,0.4778,0.2949,0.2949,0.1829,89889,0,33199,123088,36298.65,3.25,26716,86827,53510.57,13.88,370800,,,0,,0,,0,13920,700,128219,149136,33968,27148,,,272,165,22,20,0,0,, ,0,0,0,0,0,0,0,0,0,0,0,0,0,0,0,0,0,0,,0,0,0,0,0,0
332540,Sand Point,Sand Point,TDX Corporation,Regulated,1,Private Electric Utility,,PCE Eligible Active,0,SW,Southwest,,2007,1,winter,TDXC,0,0.4778,0.3161,0.2813,0.1829,97497,0,44876,142373,40049.52,3.25,28466,92515.15,49472.42,14.12,401800,,,0,,0,,0,14080,720,160872,202328,46795,32369,,,277,160,26,20,0,0,, ,1,0,0,1,0,0,0,0,0,0,0,0,0,0,0,0,0,0,,0,0,0,0,0,0
332540,Sand Point,Sand Point,TDX Corporation,Regulated,1,Private Electric Utility,,PCE Eligible Active,0,SW,Southwest,,2007,2,winter,TDXC,0,0.4778,0.3161,0.2813,0.1965,94866,0,40709,135575,38137.25,3.15,27310,86921.6,54628.88,13.91,379800,,,0,,0,,0,13360,700,135253,143608,40936,27326,,,283,157,26,20,0,0,, ,0,0,0,0,0,0,0,0,0,0,0,0,0,0,0,0,0,0,,0,0,0,0,0,0
332540,Sand Point,Sand Point,TDX Corporation,Regulated,1,Private Electric Utility,,PCE Eligible Active,0,SW,Southwest,,2007,3,winter,TDXC,0,0.4778,0.3027,0.2694,0.2084,92955,0,44510,137465,37033.07,2.98,26277,80122.42,68646.11,14.11,370800,,,0,,0,,0,11680,740,131343,136523,44753,27978,,,274,157,26,20,0,0,, ,0,0,0,0,0,0,0,0,0,0,0,0,0,0,0,0,0,0,,0,0,0,0,0,0
332540,Sand Point,Sand Point,TDX Corporation,Regulated,1,Private Electric Utility,,PCE Eligible Active,0,SW,Southwest,,2007,4,summer,TDXC,0,0.4778,0.3027,0.2694,0.2084,91351,0,42423,133774,36131.55,2.98,26942,80287.16,43551.08,13.89,374200,,,0,,0,,0,14080,700,123475,158151,42319,26499,,,278,160,27,20,0,0,, ,0,0,0,0,0,0,0,0,0,0,0,0,0,0,0,0,0,0,,0,0,0,0,0,0
332540,Sand Point,Sand Point,TDX Corporation,Regulated,1,Private Electric Utility,,PCE Eligible Active,0,SW,Southwest,,2007,5,summer,TDXC,0,0.4778,0.3027,0.2694,0.2084,90002,0,34220,124222,55862.72,3.14,24393,74562.02,43334.67,13.84,337700,,,0,,0,,0,13120,650,112551,159109,34524,19728,,,288,166,27,20,0,0,, ,0,0,0,0,0,0,0,0,0,0,0,0,0,0,0,0,0,0,,0,0,0,0,0,0
332540,Sand Point,Sand Point,TDX Corporation,Regulated,1,Private Electric Utility,,PCE Eligible Active,0,SW,Southwest,,2007,6,summer,TDXC,0,0.4778,0.3027,0.2694,0.2084,89847,0,32579,122426,32981.56,3.19,23765,75109.95,48017.7,13.85,329200,,,0,,0,,0,12720,600,114993,155133,32682,19047,,,290,168,26,20,0,0,, ,0,0,0,0,0,0,0,0,0,0,0,0,0,0,0,0,0,0,,0,0,0,0,0,0
332540,Sand Point,Sand Point,TDX Corporation,Regulated,1,Private Electric Utility,,PCE Eligible Active,0,SW,Southwest,,2007,7,summer,TDXC,0,0.4778,0.2944,0.2944,0.1834,87221,0,31198,118419,34862.63,3.19,23286,74282.34,51275.14,13.7,318950,,,0,,0,,0,15040,600,112573,149430,31220,18933,,,289,167,26,20,0,0,, ,0,0,0,0,0,0,0,1,0,0,0,0,0,0,0,0,0,0,,0,0,0,0,0,0
332540,Sand Point,Sand Point,TDX Corporation,Regulated,1,Private Electric Utility,,PCE Eligible Active,0,SW,Southwest,,2007,8,summer,TDXC,0,0.4778,0.1813,0.1813,0.2965,88817,0,29467,118284,21397.68,3.42,23274,76271.97,51275.14,13.97,325150,,,0,,0,,0,16160,600,114049,150373,29763,17910,,,287,165,26,20,0,0,, ,0,0,0,0,0,0,0,1,0,0,0,0,0,0,0,0,0,0,,0,0,0,0,0,0
332540,Sand Point,Sand Point,TDX Corporation,Regulated,1,Private Electric Utility,,PCE Eligible Active,0,SW,Southwest,,2007,9,summer,TDXC,0,0.3674,0.1813,0.1813,0.1861,90176,0,30687,120863,21862.29,3.42,23786,81348.12,51275.14,13.68,325500,,,0,,0,,0,15200,640,118081,153522,31321,16041,,,305,163,26,20,0,0,, ,0,0,0,0,0,0,0,1,0,0,0,0,0,0,0,0,0,0,,0,0,0,0,0,0
332540,Sand Point,Sand Point,TDX Corporation,Regulated,1,Private Electric Utility,,PCE Eligible Active,0,SW,Southwest,,2007,10,winter,TDXC,0,0.3688,0.1813,0.1813,0.1875,88194,0,33040,121234,21932.33,3.42,23615,80763.3,51275.14,13.89,328000,,,0,,0,,0,12960,650,113544,142415,33876,18997,,,284,156,26,20,0,0,, ,0,0,0,0,0,0,0,1,0,0,0,0,0,0,0,0,0,0,,0,0,0,0,0,0
332540,Sand Point,Sand Point,TDX Corporation,Regulated,1,Private Electric Utility,,PCE Eligible Active,0,SW,Southwest,,2007,11,winter,TDXC,0,0.3679,0.1813,0.1813,0.1866,92927,0,34189,127116,23000.93,3.42,25505,87227.1,51275.14,13.75,350700,,,0,,0,,0,12560,660,133049,140333,34826,23275,,,281,160,26,20,0,0,, ,0,0,0,0,0,0,0,1,0,0,0,0,0,0,0,0,0,0,,0,0,0,0,0,0
332540,Sand Point,Sand Point,TDX Corporation,Regulated,1,Private Electric Utility,,PCE Eligible Active,0,SW,Southwest,,2007,12,winter,TDXC,0,0.3679,0.1813,0.1813,0.1866,91819,0,36539,128358,23271.37,3.68,27222,96206.41,51275.14,13.31,362400,,,0,,0,,0,14240,810,132860,151109,36622,26315,,,279,154,26,20,0,0,, ,0,0,0,0,0,0,0,1,0,0,0,0,0,0,0,0,0,0,,0,0,0,0,0,0
332540,Sand Point,Sand Point,TDX Corporation,Regulated,1,Private Electric Utility,,PCE Eligible Active,0,SW,Southwest,,2008,1,winter,TDXC,0,0.452,0.2607,0.2607,0.1913,96523,0,44616,141139,36794.92,3.68,28742,105770.56,,13.62,391500,,,0,,0,,0,12240,850,139348,147622,44703,28413,,,282,157,26,20,0,0,, ,0,0,0,0,0,0,0,1,0,0,0,0,0,0,0,0,0,0,,0,0,0,0,0,0
332540,Sand Point,Sand Point,TDX Corporation,Regulated,1,Private Electric Utility,,PCE Eligible Active,0,SW,Southwest,,2008,2,winter,TDXC,0,0.5225,0.3308,0.3308,0.1917,94774,0,45875,140649,46526.69,3.68,27853,102499.04,,13.83,385300,,,0,,0,,0,13440,800,140768,156905,46123,26331,,,281,148,26,20,0,0,, ,0,0,0,0,0,0,0,1,0,0,0,0,0,0,0,0,0,0,,0,0,0,0,0,0
332540,Sand Point,Sand Point,TDX Corporation,Regulated,1,Private Electric Utility,,PCE Eligible Active,0,SW,Southwest,,2008,3,winter,TDXC,0,0.5248,0.3308,0.3308,0.194,89923,0,41604,131527,43509.21,4.2,25663,98486.5,,13.65,350200,,,0,,0,,0,12480,740,125882,136992,42274,26521,,,287,151,26,20,0,0,, ,0,0,0,0,0,0,0,1,0,0,0,0,0,0,0,0,0,0,,0,0,0,0,0,0
332540,Sand Point,Sand Point,TDX Corporation,Regulated,1,Private Electric Utility,,PCE Eligible Active,0,SW,Southwest,,2008,4,summer,TDXC,0,0.6153,0.3308,0.3308,0.2845,92974,0,43805,136779,45246.49,4.51,27431,112848.21,,13.54,371300,,,0,,0,,0,12560,700,129032,156416,44915,27624,,,288,150,26,20,0,0,, ,0,0,0,0,0,0,0,1,0,0,0,0,0,0,0,0,0,0,,0,0,0,0,0,0
332540,Sand Point,Sand Point,TDX Corporation,Regulated,1,Private Electric Utility,,PCE Eligible Active,0,SW,Southwest,,2008,5,summer,TDXC,0,0.6153,0.3308,0.3308,0.2845,90122,0,36987,127109,42047.66,4.51,25562,112852.06,,13.75,351400,,,0,,0,,0,10720,680,118250,118001,38085,24309,,,291,152,26,20,0,0,, ,0,0,0,0,0,0,0,1,0,0,0,0,0,0,0,0,0,0,,0,0,0,0,0,0
332540,Sand Point,Sand Point,TDX Corporation,Regulated,1,Private Electric Utility,,PCE Eligible Active,0,SW,Southwest,,2008,6,summer,TDXC,0,0.6124,0.3765,0.3765,0.2359,94785,0,31595,126380,47582.07,5,24981,119316.24,,13.85,345900,,,0,,0,,0,13440,640,127118,172076,32672,21655,,,283,156,28,20,0,0,, ,0,0,0,0,0,0,0,1,0,0,0,0,0,0,0,0,0,0,,0,0,0,0,0,0
332540,Sand Point,Sand Point,TDX Corporation,Regulated,1,Private Electric Utility,,PCE Eligible Active,0,SW,Southwest,,2008,7,summer,TDXC,0,0.6091,0.3769,0.3769,0.2322,92715,0,34738,127453,48037.03,5.12,23821,116311.63,,13.57,323300,,,0,,0,,0,12720,600,118673,124787,27786,17844,,,287,159,28,20,0,0,, ,0,0,0,0,0,0,0,1,0,0,0,0,0,0,0,0,0,0,,0,0,0,0,0,0
332540,Sand Point,Sand Point,TDX Corporation,Regulated,1,Private Electric Utility,,PCE Eligible Active,0,SW,Southwest,,2008,8,summer,TDXC,0,0.6179,0.3769,0.3769,0.241,91017,0,36932,124949,48223.98,5,23150,116728.96,,13.79,319300,,,0,,0,,0,14560,600,115665,131684,29877,18885,,,294,159,28,20,0,0,, ,0,0,0,0,0,0,0,1,0,0,0,0,0,0,0,0,0,0,,0,0,0,0,0,0
332540,Sand Point,Sand Point,TDX Corporation,Regulated,1,Private Electric Utility,,PCE Eligible Active,0,SW,Southwest,,2008,9,summer,TDXC,0,0.5677,0.3697,0.3697,0.198,94610,0,40937,135547,50111.72,4.95,24966,125351.04,,13.66,341000,,,0,,0,,0,14480,600,125144,143590,33473,18306,,,285,162,28,20,0,0,, ,0,0,0,0,0,0,0,1,0,0,0,0,0,0,0,0,0,0,,0,0,0,0,0,0
332540,Sand Point,Sand Point,TDX Corporation,Regulated,1,Private Electric Utility,,PCE Eligible Active,0,SW,Southwest,,2008,10,winter,TDXC,0,0.5685,0.3697,0.3697,0.1988,93030,0,39813,132843,49112.07,4.74,25529,126830.35,,14.06,358900,,,0,,0,,0,13600,680,123004,136448,33423,19341,,,292,158,28,20,0,0,, ,0,0,0,0,0,0,0,1,0,0,0,0,0,0,0,0,0,0,,0,0,0,0,0,0
332540,Sand Point,Sand Point,TDX Corporation,Regulated,1,Private Electric Utility,,PCE Eligible Active,0,SW,Southwest,,2008,11,winter,TDXC,0,0.5618,0.3697,0.3697,0.1921,98391,0,47076,145467,53779.22,4.48,28395,136420.77,,13.94,395900,,,0,,0,,0,14880,700,148247,175410,39200,28192,,,285,165,28,20,0,0,, ,0,0,0,0,0,0,0,1,0,0,0,0,0,0,0,0,0,0,,0,0,0,0,0,0
332540,Sand Point,Sand Point,TDX Corporation,Regulated,1,Private Electric Utility,,PCE Eligible Active,0,SW,Southwest,,2008,12,winter,TDXC,0,0.5661,0.3697,0.3697,0.1964,96313,0,35964,132277,48902.81,3.61,29137,132476.63,,14.05,409500,,,0,,0,,0,15280,750,146335,155566,29999,24060,,,285,161,28,20,0,0,, ,0,0,0,0,0,0,0,1,0,0,0,0,0,0,0,0,0,0,,0,0,0,0,0,0
332540,Sand Point,Sand Point,TDX Corporation,Regulated,1,Private Electric Utility,,PCE Eligible Active,0,SW,Southwest,,2009,1,winter,TDXC,0,0.5843,0.389,0.389,0.1953,95718,0,38737,134455,52302.99,3.45,29569,110711.55,42059.28,14.05,415400,,,0,,0,,0,13840,750,138706,153219,32263,26439,,,284,161,28,20,0,0,, ,0,0,0,0,0,0,0,1,0,0,0,0,0,0,0,0,0,0,,0,0,0,0,0,0
332540,Sand Point,Sand Point,TDX Corporation,Regulated,1,Private Electric Utility,,PCE Eligible Active,0,SW,Southwest,,2009,2,winter,TDXC,0,0.5852,0.389,0.389,0.1962,99053,0,43563,142616,55477.65,3.3,29029,98579.1,42059.28,13.83,401400,,,0,,0,,0,13120,720,145975,159442,33322,27570,,,282,159,28,20,0,0,, ,0,0,0,0,0,0,0,1,0,0,0,0,0,0,0,0,0,0,,0,0,0,0,0,0
332540,Sand Point,Sand Point,TDX Corporation,Regulated,1,Private Electric Utility,,PCE Eligible Active,0,SW,Southwest,,2009,3,winter,TDXC,0,0.5206,0.3389,0.3389,0.1817,95694,0,34135,129829,44121.05,3.3,25701,84813.3,42059.28,14.47,371900,,,0,,0,,0,11920,740,128846,122017,41316,23853,,,283,156,28,20,0,0,, ,0,0,0,0,0,0,0,1,0,0,0,0,0,0,0,0,0,0,,0,0,0,0,0,0
332540,Sand Point,Sand Point,TDX Corporation,Regulated,1,Private Electric Utility,,PCE Eligible Active,0,SW,Southwest,,2009,4,summer,TDXC,0,0.5206,0.3389,0.3389,0.1817,97006,0,41312,138318,46875.97,3.3,27920,92136,42059.28,14.31,399400,,,0,,0,,0,12080,720,135650,170124,53437,27636,,,283,158,28,20,0,0,, ,0,0,0,0,0,0,0,1,0,0,0,0,0,0,0,0,0,0,,0,0,0,0,0,0
332540,Sand Point,Sand Point,TDX Corporation,Regulated,1,Private Electric Utility,,PCE Eligible Active,0,SW,Southwest,,2009,5,summer,TDXC,0,0.5206,0.3389,0.3389,0.1817,90680,0,33395,124075,42049.01,3.04,25006,80153.8,42059.28,13.85,346300,,,0,,0,,0,11200,680,116571,147296,35674,20118,,,292,160,28,20,0,0,, ,0,0,0,0,0,0,0,1,0,0,0,0,0,0,0,0,0,0,,0,0,0,0,0,0
332540,Sand Point,Sand Point,TDX Corporation,Regulated,1,Private Electric Utility,,PCE Eligible Active,0,SW,Southwest,,2009,6,summer,TDXC,0,0.5206,0.3389,0.3389,0.1817,93607,0,34506,128113,43417.44,3.04,24511,74513.44,42059.28,13.84,339200,,,0,,0,,0,12800,680,124074,137331,38157,21980,,,289,166,28,20,0,0,, ,0,0,0,0,0,0,0,1,0,0,0,0,0,0,0,0,0,0,,0,0,0,0,0,0
332540,Sand Point,Sand Point,TDX Corporation,Regulated,1,Private Electric Utility,,PCE Eligible Active,0,SW,Southwest,,2009,7,summer,TDXC,0,0.5206,0.3266,0.3266,0.194,92000,0,29940,121940,39825.61,3.04,22640,68825.6,53771.85,13.83,313100,,,0,,0,,0,12640,600,121664,121583,33702,18577,,,285,160,30,20,0,0,, ,0,0,0,0,0,0,0,0,0,0,0,0,0,0,0,0,0,0,,0,0,0,0,0,0
332540,Sand Point,Sand Point,TDX Corporation,Regulated,1,Private Electric Utility,,PCE Eligible Active,0,SW,Southwest,,2009,8,summer,TDXC,0,0.4012,0.1832,0.1832,0.218,92619,0,31101,123720,22665.51,3.25,24242,78786.5,41502.75,13.58,329300,,,0,,0,,0,13600,600,120138,126024,33980,19517,,,294,162,30,20,0,0,, ,0,0,0,0,0,0,0,0,0,0,0,0,0,0,0,0,0,0,,0,0,0,0,0,0
332540,Sand Point,Sand Point,TDX Corporation,Regulated,1,Private Electric Utility,,PCE Eligible Active,0,SW,Southwest,,2009,9,summer,TDXC,0,0.4012,0.1832,0.1832,0.218,95073,0,31984,127057,23276.82,3.3,24821,80883.95,49331.44,13.57,336900,,,0,,0,,0,13360,600,119701,133651,33840,17196,,,292,158,30,20,0,0,, ,0,0,0,0,0,0,0,0,0,0,0,0,0,0,0,0,0,0,,0,0,0,0,0,0
332540,Sand Point,Sand Point,TDX Corporation,Regulated,1,Private Electric Utility,,PCE Eligible Active,0,SW,Southwest,,2009,10,winter,TDXC,0,0.4397,0.1832,0.1832,0.2565,97064,0,33566,130630,23276.83,3.51,24307,98200.28,38324.06,13.79,335200,,,0,,0,,0,11360,640,123844,139594,32208,18763,,,298,160,30,20,0,0,, ,0,0,0,0,0,0,0,0,0,0,0,0,0,0,0,0,0,0,,0,0,0,0,0,0
332540,Sand Point,Sand Point,TDX Corporation,Regulated,1,Private Electric Utility,,PCE Eligible Active,0,SW,Southwest,,2009,11,winter,TDXC,0,0.4012,0.1832,0.1832,0.218,99129,0,36421,135550,24832.76,3.51,27394,110671.76,34454.25,14.49,396950,,,0,,0,,0,13920,720,143387,172047,45016,29626,,,287,160,30,21,0,0,, ,0,0,0,0,0,0,0,0,0,0,0,0,0,0,0,0,0,0,,0,0,0,0,0,0
332540,Sand Point,Sand Point,TDX Corporation,Regulated,1,Private Electric Utility,,PCE Eligible Active,0,SW,Southwest,,2009,12,winter,TDXC,0,0.4012,0.1832,0.1832,0.218,98237,0,32078,130315,24528.19,3.51,27886,112659.44,34971.33,14.17,395168,,,0,,0,,0,14000,640,156112,130683,47371,23019,,,284,157,32,21,0,0,, ,0,0,0,0,0,0,0,0,0,0,0,0,0,0,0,0,0,0,,0,0,0,0,0,0
332540,Sand Point,Sand Point,TDX Corporation,Regulated,1,Private Electric Utility,,PCE Eligible Active,0,SW,Southwest,,2010,1,winter,TDXC,0,0.4012,0.1832,0.1832,0.218,100795,0,35023,135818,24881.86,3.51,27512,111148.48,61465.33,14.62,402111,,,0,,0,,0,13520,640,156038,162406,38388,26075,,,284,157,30,20,0,0,, ,0,0,0,0,0,0,0,0,0,0,0,0,0,0,0,0,0,0,,0,0,0,0,0,0
332540,Sand Point,Sand Point,TDX Corporation,Regulated,1,Private Electric Utility,,PCE Eligible Active,0,SW,Southwest,,2010,2,winter,TDXC,0,0.4012,0.1832,0.1832,0.218,96910,0,33179,130089,23832.3,3.51,26908,108708.32,23301.76,14.12,379975,,,0,,0,,0,11280,746,140978,149179,33317,28607,,,285,156,30,20,0,0,, ,0,0,0,0,0,0,0,0,0,0,0,0,0,0,0,0,0,0,,0,0,0,0,0,0
332540,Sand Point,Sand Point,TDX Corporation,Regulated,1,Private Electric Utility,,PCE Eligible Active,0,SW,Southwest,,2010,3,winter,TDXC,0,0.4012,0.1832,0.1832,0.218,93749,0,37210,130959,23991.69,3.51,24615,99444.6,52368.79,14.16,348458,,,0,,0,,0,10800,674,126841,132885,37767,27174,,,291,153,30,18,0,0,, ,0,0,0,0,0,0,0,0,0,0,0,0,0,0,0,0,0,0,,0,0,0,0,0,0
332540,Sand Point,Sand Point,TDX Corporation,Regulated,1,Private Electric Utility,,PCE Eligible Active,0,SW,Southwest,,2010,4,summer,TDXC,0,0.4012,0.1832,0.1832,0.218,99854,0,38617,138471,25367.89,3.61,26179,86390.7,38218.39,14.19,371419,,,0,,0,,0,11840,770,138822,148844,39710,25401,,,287,161,30,18,0,0,, ,0,0,0,0,0,0,0,0,0,0,0,0,0,0,0,0,0,0,,0,0,0,0,0,0
332540,Sand Point,Sand Point,TDX Corporation,Regulated,1,Private Electric Utility,,PCE Eligible Active,0,SW,Southwest,,2010,5,summer,TDXC,0,0.4012,0.1832,0.1832,0.218,96838,0,32845,129683,23757.93,3.61,24759,81704.7,33837.9,14.03,347276,,,0,,0,,0,12960,720,120127,130284,39738,23281,,,288,166,30,18,0,0,, ,0,0,0,0,0,0,0,0,0,0,0,0,0,0,0,0,0,0,,0,0,0,0,0,0
332540,Sand Point,Sand Point,TDX Corporation,Regulated,1,Private Electric Utility,,PCE Eligible Active,0,SW,Southwest,,2010,6,summer,TDXC,0,0.4013,0.1832,0.1832,0.2181,98945,0,31400,130345,40759.01,3.51,24999,87746.49,27262.96,14.07,351800,,,0,,0,,0,13120,700,126624,107812,51154,23832,,,294,170,30,18,0,0,, ,0,0,0,0,0,0,0,0,0,0,0,0,0,0,0,0,0,0,,0,0,0,0,0,0
332540,Sand Point,Sand Point,TDX Corporation,Regulated,1,Private Electric Utility,,PCE Eligible Active,0,SW,Southwest,,2010,7,summer,TDXC,0,0.4013,0.1832,0.1832,0.2181,95614,0,24574,120188,22019.46,3.51,23288,81740.88,31710.89,13.87,323000,,,0,,0,,0,12240,680,121993,124700,34344,24368,,,294,158,30,18,0,0,, ,0,0,0,0,0,0,0,0,0,0,0,0,0,0,0,0,0,0,,0,0,0,0,0,0
332540,Sand Point,Sand Point,TDX Corporation,Regulated,1,Private Electric Utility,,PCE Eligible Active,0,SW,Southwest,,2010,8,summer,TDXC,0,0.6622,0.4188,0.4188,0.2434,97991,0,26224,124215,52021.18,3.51,24945,87556.95,26401.38,14,349300,,,0,,0,,0,13760,620,127977,120683,26224,24048,,,289,161,29,18,0,0,, ,0,0,0,0,0,0,0,0,0,0,0,0,0,0,0,0,0,0,,0,0,0,0,0,0
332540,Sand Point,Sand Point,TDX Corporation,Regulated,1,Private Electric Utility,,PCE Eligible Active,0,SW,Southwest,,2010,9,summer,TDXC,0,0.6771,0.4696,0.4696,0.2075,94259,0,29413,123672,73350.43,3.6,26225,94410,8337.88,13.34,349900,,,0,,0,,0,16800,620,126173,137013,29413,21852,,,287,160,29,18,0,0,, ,0,0,0,0,0,0,0,0,0,0,0,0,0,0,0,0,0,0,,0,0,0,0,0,0
332540,Sand Point,Sand Point,TDX Corporation,Regulated,1,Private Electric Utility,,PCE Eligible Active,0,SW,Southwest,,2010,10,winter,TDXC,0,0.6771,0.4696,0.4696,0.2075,99851,0,33184,133035,62472.57,3.6,24851,89463.6,25740.52,14.04,349004,,,0,,0,,0,13200,683,144822,185878,33184,20837,,,290,162,29,15,0,0,, ,0,0,0,0,0,0,0,0,1,1,0,1,1,0,0,0,0,0,,0,0,0,0,0,0
332540,Sand Point,Sand Point,TDX Corporation,Regulated,1,Private Electric Utility,,PCE Eligible Active,0,SW,Southwest,,2010,11,winter,TDXC,0,0.6771,0.4696,0.4696,0.2075,102336,0,39136,141472,52957.94,3.6,26664,95990.4,58398.64,14.04,374466,,,0,,0,,0,14720,620,165226,196702,39136,23034,,,284,155,29,15,0,0,, ,0,0,0,0,0,0,0,0,1,1,0,0,0,0,0,0,0,0,,0,0,0,0,0,0
332540,Sand Point,Sand Point,TDX Corporation,Regulated,1,Private Electric Utility,,PCE Eligible Active,0,SW,Southwest,,2010,12,winter,TDXC,0,0.6621,0.4696,0.4696,0.1925,96697,0,39340,136037,63882.97,3.6,26679,96044.4,65980.74,14.04,374676,,,0,,0,,0,14160,720,148652,185226,42613,29060,,,286,154,29,15,0,0,, ,0,0,0,0,0,0,0,0,1,1,0,0,0,0,0,0,0,0,,0,0,0,0,0,0
332540,Sand Point,Sand Point,TDX Corporation,Regulated,1,Private Electric Utility,,PCE Eligible Active,0,SW,Southwest,,2011,1,winter,TDXC,0,0.6418,0.436,0.436,0.2058,81865,0,25980,107845,47020.4,3.87,27434,106169.58,53004.75,14.3,392400,,,0,,0,,0,15520,760,99631,124825,26804,17551,,,285,152,29,15,0,0,, ,0,0,0,0,0,0,0,0,0,0,0,0,0,0,0,0,0,0,,0,0,0,0,0,0
332540,Sand Point,Sand Point,TDX Corporation,Regulated,1,Private Electric Utility,,PCE Eligible Active,0,SW,Southwest,,2011,2,winter,TDXC,0,0.6418,0.436,0.436,0.2058,92784,0,35186,127970,32005.33,3.87,27856,107802.72,59636.86,14.24,396800,,,0,,0,,0,12800,760,129902,159051,37462,31715,,,285,158,30,15,0,0,, ,1,0,0,1,0,0,0,0,0,0,0,0,0,0,0,0,0,0,,0,0,0,0,0,0
332540,Sand Point,Sand Point,TDX Corporation,Regulated,1,Private Electric Utility,,PCE Eligible Active,0,SW,Southwest,,2011,3,winter,TDXC,0,0.4438,0.2501,0.2501,0.1937,90146,0,34750,124896,31236.49,3.87,24427,94532.49,45479.83,14,342050,,,0,,0,,0,10880,740,118448,139232,35515,22384,,,282,156,30,15,0,0,, ,0,0,0,0,0,0,0,0,0,0,0,0,0,0,0,0,0,0,,0,0,0,0,0,0
332540,Sand Point,Sand Point,TDX Corporation,Regulated,1,Private Electric Utility,,PCE Eligible Active,0,SW,Southwest,,2011,4,summer,TDXC,0,0.4461,0.2501,0.2501,0.196,99456,0,39984,139440,34873.9,3.87,27831,107705.97,18696.58,13.81,384400,,,0,,0,,0,11760,750,147177,165280,40022,20973,,,292,161,30,15,0,0,, ,0,0,0,0,0,0,0,0,0,0,0,0,0,0,0,0,0,0,,0,0,0,0,0,0
332540,Sand Point,Sand Point,TDX Corporation,Regulated,1,Private Electric Utility,,PCE Eligible Active,0,SW,Southwest,,2011,5,summer,TDXC,0,0.5395,0.3389,0.3389,0.2006,89223,0,34003,123226,41761.29,3.98,24442,97279.16,60698.4,14.17,346400,,,0,,0,,0,10000,720,109010,141268,34003,16374,,,287,162,30,15,0,0,, ,0,0,0,0,0,0,0,0,0,0,0,0,0,0,0,0,0,0,,0,0,0,0,0,0
332540,Sand Point,Sand Point,TDX Corporation,Regulated,1,Private Electric Utility,,PCE Eligible Active,0,SW,Southwest,,2011,6,summer,TDXC,0,0.5395,0.3389,0.3389,0.2006,92535,0,29407,121942,41326.14,3.98,23340,92893.2,25530.69,13.65,318600,,,0,,0,,0,11120,680,117073,134532,29407,16501,,,284,164,31,15,0,0,, ,0,0,0,0,0,0,0,0,0,0,0,0,0,0,0,0,0,0,,0,0,0,0,0,0
332540,Sand Point,Sand Point,TDX Corporation,Regulated,1,Private Electric Utility,,PCE Eligible Active,0,SW,Southwest,,2011,7,summer,TDXC,0,0.5395,0.3484,0.3484,0.1911,91400,0,27352,118752,41373.2,3.98,22946,91325.08,32721.96,13.62,312500,,,0,,0,,0,10800,710,119900,130790,27352,17000,,,286,166,23,15,0,0,, ,0,0,0,0,0,0,0,0,0,0,0,0,1,0,0,0,0,0,,0,0,0,0,0,0
332540,Sand Point,Sand Point,TDX Corporation,Regulated,1,Private Electric Utility,,PCE Eligible Active,0,SW,Southwest,,2011,8,summer,TDXC,0,0.5395,0.3484,0.3484,0.1911,94896,0,29781,124677,43437.47,3.98,23141,92101.18,84232.33,14.36,332379,,,0,,0,,0,10880,660,127197,135149,29781,16739,,,295,166,22,15,0,0,, ,0,0,0,0,0,0,0,0,0,0,0,0,0,0,0,0,0,0,,0,0,0,0,0,0
332540,Sand Point,Sand Point,TDX Corporation,Regulated,1,Private Electric Utility,,PCE Eligible Active,0,SW,Southwest,,2011,9,summer,TDXC,0,0.6694,0.4856,0.4856,0.1838,92006,0,28283,120289,58412.34,4.59,22012,101035.08,43691.29,16.12,354908,,,0,,0,,0,10240,660,117688,136281,31154,17266,,,295,172,31,15,0,0,, ,0,0,0,0,0,0,0,1,0,0,0,0,0,0,0,0,0,0,,0,0,0,0,0,0
332540,Sand Point,Sand Point,TDX Corporation,Regulated,1,Private Electric Utility,,PCE Eligible Active,0,SW,Southwest,,2011,10,winter,TDXC,0,0.6694,0.4856,0.4856,0.1838,95264,0,33373,128637,63227.93,4.59,21968,100833.12,66356.66,18.35,403150,,,0,,0,,0,10960,660,130760,174397,34679,18440,,,287,167,31,15,0,0,, ,0,0,0,0,0,0,0,0,0,0,0,0,0,0,0,0,0,0,,0,0,0,0,0,0
332540,Sand Point,Sand Point,TDX Corporation,Regulated,1,Private Electric Utility,,PCE Eligible Active,0,SW,Southwest,,2011,11,winter,TDXC,0,0.6694,0.4856,0.4856,0.1838,92019,0,34218,126237,61300.69,4.59,26623,122199.57,10737.94,18.18,483892,,,0,,0,,0,12480,710,122444,144537,38533,15138,,,288,163,31,15,0,0,, ,0,0,0,0,0,0,0,0,0,0,0,0,1,0,0,0,0,0,,0,0,0,0,0,0
332540,Sand Point,Sand Point,TDX Corporation,Regulated,1,Private Electric Utility,,PCE Eligible Active,0,SW,Southwest,,2011,12,winter,TDXC,0,0.6694,0.4856,0.4856,0.1838,94206,0,37429,131635,63921.96,4.59,27164,124682.76,23508.2,14.35,389756,,,0,,0,,0,16000,710,136085,147838,41181,35168,,,286,161,31,15,0,0,, ,0,0,0,0,0,0,0,0,0,0,0,0,1,0,0,0,0,0,,0,0,0,0,0,0
332540,Sand Point,Sand Point,TDX Corporation,Regulated,1,Private Electric Utility,,PCE Eligible Active,0,SW,Southwest,,2012,1,winter,TDXC,0,0.6694,0.4856,0.4856,0.1838,101657,0,46249,147906,71823.15,4.59,29766,136625.94,36410.32,9.16,272649,,,0,,0,Aleutian Wind Energy,17559,18080,744,168626,178849,54614,32148,,,289,161,31,15,0,0,, ,0,0,0,0,0,0,0,0,0,0,0,0,0,0,0,0,0,0,,0,0,0,0,0,0
332540,Sand Point,Sand Point,TDX Corporation,Regulated,1,Private Electric Utility,,PCE Eligible Active,0,SW,Southwest,,2012,2,winter,TDXC,0,0.5736,0.3804,0.3804,0.1932,92767,0,37824,130591,49305.77,4.54,30226,137226.04,45866.24,12.27,370889,,,0,,0,ALEUTIAN WIND ENERGY,1089,12480,730,126689,150095,45198,26214,,,286,161,31,15,0,0,, ,0,0,0,0,0,0,0,0,0,0,0,0,1,0,0,0,0,0,,0,0,0,0,0,0
332540,Sand Point,Sand Point,TDX Corporation,Regulated,1,Private Electric Utility,,PCE Eligible Active,0,SW,Southwest,,2012,3,winter,TDXC,0,0.5739,0.3804,0.3804,0.1935,92534,0,39832,132366,49961.28,4.54,21877,99321.58,53357.32,17.55,384013,,,0,,0,ALEUTIAN WIND ENERGY,83113,14000,730,129860,159490,49265,28845,,,285,167,31,15,0,0,, ,0,0,0,0,0,0,0,0,0,0,0,0,1,0,0,0,0,0,,0,0,0,0,0,0
332540,Sand Point,Sand Point,TDX Corporation,Regulated,1,Private Electric Utility,,PCE Eligible Active,0,SW,Southwest,,2012,4,summer,TDXC,0,0.5736,0.3804,0.3804,0.1932,95512,0,38094,133606,50336.16,4.54,23271,105650.34,33585.9,16.63,387003,,,0,,0,Aleutian Wind Energy,102403,10640,730,130972,161967,46315,24099,,,285,165,31,15,0,0,, ,0,0,0,0,0,0,0,0,0,0,0,0,1,0,0,0,0,0,,0,0,0,0,0,0
332540,Sand Point,Sand Point,TDX Corporation,Regulated,1,Private Electric Utility,,PCE Eligible Active,0,SW,Southwest,,2012,5,summer,TDXC,0,0.5736,0.3804,0.3804,0.1932,91165,0,37241,128406,48845.64,4.54,19470,88393.8,105582.55,18.75,365070,,,0,,0,ALEUTIAN WIND ENERGY,122270,6320,743,112419,157065,40682,20869,,,299,168,31,15,0,0,, ,0,0,0,0,0,0,0,0,0,0,0,0,0,0,0,0,0,0,,0,0,0,0,0,0
332540,Sand Point,Sand Point,TDX Corporation,Regulated,1,Private Electric Utility,,PCE Eligible Active,0,SW,Southwest,,2012,6,summer,TDXC,0,0.5563,0.3557,0.3557,0.2006,89849,0,28928,118777,42248.98,4.74,18052,85566.48,41928.89,18.24,329296,,,0,,0,ALEUTIAN WIND ENERGY,94343,6160,743,110999,129130,31747,17819,,,285,160,31,15,0,0,, ,0,0,0,0,0,0,0,0,0,0,0,0,0,0,0,0,0,0,,0,0,0,0,0,0
332540,Sand Point,Sand Point,TDX Corporation,Regulated,1,Private Electric Utility,,PCE Eligible Active,0,SW,Southwest,,2012,7,summer,TDXC,0,0.5563,0.3557,0.3557,0.2006,92636,0,27944,120580,42917.41,4.74,17573,83296.02,61752.92,15.23,267706,,,0,,0,,0,8160,743,133218,121700,30259,16605,,,288,162,31,15,0,0,, ,0,0,0,0,0,0,0,0,1,1,0,0,0,0,0,0,0,0,,0,0,0,0,0,0
332540,Sand Point,Sand Point,TDX Corporation,Regulated,1,Private Electric Utility,,PCE Eligible Active,0,SW,Southwest,,2012,8,summer,TDXC,0,0.5563,0.3557,0.3557,0.2006,89333,0,26764,116097,41554.43,4.74,18923,89695.02,45251.76,16.03,303248,,,0,,0,Aleutian Wind Energy,26088,13840,730,111270,150404,28690,16318,,,287,159,31,15,0,0,, ,0,0,0,0,0,0,0,0,0,0,0,0,1,0,0,0,0,0,,0,0,0,0,0,0
332540,Sand Point,Sand Point,TDX Corporation,Regulated,1,Private Electric Utility,,PCE Eligible Active,0,SW,Southwest,,2012,9,summer,TDXC,0,0.8489,0.6337,0.6337,0.2152,95861,0,32392,128253,81273.93,4.56,19882,90661.92,32842.95,15.23,302881,,,0,,0,,0,7680,730,128034,139432,35569,17354,,,290,155,32,15,0,0,, ,0,0,0,0,0,0,0,0,1,1,0,0,1,0,0,0,0,0,,0,0,0,0,0,0
332540,Sand Point,Sand Point,TDX Corporation,Regulated,1,Private Electric Utility,,PCE Eligible Active,0,SW,Southwest,,2012,10,winter,TDXC,0,0.8489,0.6337,0.6337,0.2152,88980,0,31071,120051,76076.33,4.56,21490,97994.4,34289.67,14.15,304100,,,0,,0,Aleutian Wind Energy,28000,9040,628,110981,134600,34283,17509,,,285,148,32,15,0,0,, ,0,0,0,0,0,0,0,0,0,0,0,0,0,0,0,0,0,0,,0,0,0,0,0,0
332540,Sand Point,Sand Point,TDX Corporation,Regulated,1,Private Electric Utility,,PCE Eligible Active,0,SW,Southwest,,2012,11,winter,TDXC,0,0.8489,0.4586,0.4586,0.3903,88983,0,32565,121548,55741.91,4.55,24011,109250.05,32683.25,16.16,388053,,,0,,0,Aleutian Wind Energy,53753,9600,750,114273,133459,41261,19865,,,285,152,32,15,0,0,, ,0,0,0,0,0,0,0,0,0,0,0,0,0,0,0,0,0,0,,0,0,0,0,0,0
332540,Sand Point,Sand Point,TDX Corporation,Regulated,1,Private Electric Utility,,PCE Eligible Active,0,SW,Southwest,,2012,12,winter,TDXC,0,0.8489,0.4586,0.4586,0.3903,100106,0,37657,137763,63179.66,4.55,26184,119137.2,23268.92,13.4,350765,,,0,,0,Aleutian Wind Energy,54288,11120,760,161400,157819,45807,25281,,,288,149,31,15,0,0,, ,0,0,0,0,0,0,0,0,0,0,0,0,0,0,0,0,0,0,,0,0,0,0,0,0
332540,Sand Point,Sand Point,TDX Corporation,Regulated,1,Private Electric Utility,,PCE Eligible Active,0,SW,Southwest,,2013,1,winter,TDXC,0,0.5589,0.3927,0.3927,0.1662,94362,0,36466,130828,51376.17,4.55,25711,116985.05,20452.34,13.26,341009,,,0,,0,Aleutian Wind Energy,52188,12560,760,126615,114958,71828,22535,,,290,149,31,15,0,0,, ,0,0,0,0,0,0,0,0,0,0,0,0,0,0,0,0,0,0,,0,0,0,0,0,0
332540,Sand Point,Sand Point,TDX Corporation,Regulated,1,Private Electric Utility,,PCE Eligible Active,0,SW,Southwest,,2013,2,winter,TDXC,0,0.5589,0.3927,0.3927,0.1662,97380,0,35887,133267,52333.95,4.55,24372,110892.6,55728.93,13.82,336900,,,0,,0,Aleutian Wind Energy,47805,12400,760,140989,155525,39411,24316,,,281,150,31,15,0,0,, ,0,0,0,0,0,0,0,0,0,0,0,0,0,0,0,0,0,0,,0,0,0,0,0,0
332540,Sand Point,Sand Point,TDX Corporation,Regulated,1,Private Electric Utility,,PCE Eligible Active,0,SW,Southwest,,2013,3,winter,TDXC,0,0.5589,0.3927,0.3927,0.1662,93588,0,34442,128030,50277.41,4.55,18766,85385.3,59698.61,13.74,257758,,,0,,0,Aleutian Wind Energy,80734,8800,760,126797,131888,37942,19098,,,281,147,31,15,0,0,, ,0,0,0,0,0,0,0,0,0,0,0,0,0,0,0,0,0,0,,0,0,0,0,0,0
332540,Sand Point,Sand Point,TDX Corporation,Regulated,1,Private Electric Utility,,PCE Eligible Active,0,SW,Southwest,,2013,4,summer,TDXC,0,0.4854,0.2883,0.2883,0.1971,91208,0,31382,122590,35342.7,4.55,20550,93502.5,36511.82,14.31,294000,,,0,,0,Aluetian Wind Energy,67237,8880,700,118535,135535,34756,28696,,,278,147,29,15,0,0,, ,0,0,0,0,0,0,0,0,0,0,0,0,0,0,0,0,0,0,,0,0,0,0,0,0
332540,Sand Point,Sand Point,TDX Corporation,Regulated,1,Private Electric Utility,,PCE Eligible Active,0,SW,Southwest,,2013,5,summer,TDXC,0,0.4854,0.2883,0.2883,0.1971,89797,0,32020,121817,35119.83,4.55,17189,78209.95,39235.55,14.33,246379,,,0,,0,Aleutian Wind Energy,84085,6800,700,114039,145986,34615,21649,,,286,148,29,15,0,0,, ,0,0,0,0,0,0,0,0,0,0,0,0,0,0,0,0,0,0,,0,0,0,0,0,0
332540,Sand Point,Sand Point,TDX Corporation,Regulated,1,Private Electric Utility,,PCE Eligible Active,0,SW,Southwest,,2013,6,summer,TDXC,0,0.4854,0.2883,0.2883,0.1971,85447,0,27043,112490,32575.02,4.55,17775,80876.25,75984.68,14.59,259410,,,0,,0,Aleutian Wind Energy,42522,6000,760,111198,120159,29677,25729,,,296,151,29,16,0,0,, ,0,0,0,0,0,0,0,0,0,0,0,0,0,0,0,0,0,0,,0,0,0,0,0,0
